25-09-2023,01        ,H.D.Kote                                                                                            ,         27,       3426.20,        230.04
26-09-2023,01        ,H.D.Kote                                                                                            ,         53,       6108.50,        223.02
27-09-2023,01        ,H.D.Kote                                                                                            ,         34,       3176.40,        222.98
03-10-2023,01        ,H.D.Kote                                                                                            ,        329,      33850.90,        222.45
04-10-2023,01        ,H.D.Kote                                                                                            ,        392,      41367.40,        225.13
05-10-2023,01        ,H.D.Kote                                                                                            ,        314,      31191.30,        226.62
06-10-2023,01        ,H.D.Kote                                                                                            ,        671,      66512.70,        228.20
07-10-2023,01        ,H.D.Kote                                                                                            ,        232,      21493.60,        234.79
09-10-2023,01        ,H.D.Kote                                                                                            ,       1083,     106107.50,        236.88
10-10-2023,01        ,H.D.Kote                                                                                            ,        815,      81024.40,        236.98
11-10-2023,01        ,H.D.Kote                                                                                            ,       1336,     133533.30,        237.36
12-10-2023,01        ,H.D.Kote                                                                                            ,       1026,     104770.00,        235.86
13-10-2023,01        ,H.D.Kote                                                                                            ,       1109,     109471.20,        236.74
14-10-2023,01        ,H.D.Kote                                                                                            ,        451,      45996.60,        239.26
16-10-2023,01        ,H.D.Kote                                                                                            ,        985,     101947.70,        237.33
17-10-2023,01        ,H.D.Kote                                                                                            ,       1044,     109520.00,        238.28
18-10-2023,01        ,H.D.Kote                                                                                            ,        699,      70886.90,        235.13
19-10-2023,01        ,H.D.Kote                                                                                            ,        937,      98683.30,        239.41
20-10-2023,01        ,H.D.Kote                                                                                            ,        707,      75835.90,        240.29
21-10-2023,01        ,H.D.Kote                                                                                            ,        874,      92731.40,        238.51
27-10-2023,01        ,H.D.Kote                                                                                            ,        468,      48660.30,        241.46
28-10-2023,01        ,H.D.Kote                                                                                            ,        367,      37809.70,        236.77
30-10-2023,01        ,H.D.Kote                                                                                            ,       1042,     114875.40,        240.63
31-10-2023,01        ,H.D.Kote                                                                                            ,        566,      60326.50,        242.64
02-11-2023,01        ,H.D.Kote                                                                                            ,       1130,     122814.20,        243.57
03-11-2023,01        ,H.D.Kote                                                                                            ,        950,     103020.40,        245.28
04-11-2023,01        ,H.D.Kote                                                                                            ,       1201,     129398.30,        245.83
06-11-2023,01        ,H.D.Kote                                                                                            ,       1030,     110350.00,        244.69
07-11-2023,01        ,H.D.Kote                                                                                            ,        921,     100170.10,        244.48
08-11-2023,01        ,H.D.Kote                                                                                            ,       1003,     107854.90,        245.44
09-11-2023,01        ,H.D.Kote                                                                                            ,       1445,     158421.60,        246.06
10-11-2023,01        ,H.D.Kote                                                                                            ,       1568,     165881.20,        244.43
15-11-2023,01        ,H.D.Kote                                                                                            ,        475,      49685.70,        243.41
16-11-2023,01        ,H.D.Kote                                                                                            ,        770,      83012.20,        246.25
17-11-2023,01        ,H.D.Kote                                                                                            ,        741,      77557.20,        247.64
18-11-2023,01        ,H.D.Kote                                                                                            ,       1169,     126141.80,        247.22
20-11-2023,01        ,H.D.Kote                                                                                            ,        475,      48311.90,        247.70
21-11-2023,01        ,H.D.Kote                                                                                            ,       1110,     115725.00,        248.19
22-11-2023,01        ,H.D.Kote                                                                                            ,       1160,     125759.30,        249.54
23-11-2023,01        ,H.D.Kote                                                                                            ,       1007,     109414.00,        250.09
24-11-2023,01        ,H.D.Kote                                                                                            ,        976,     103381.10,        250.86
25-09-2023,02        ,Hunsur - I                                                                                          ,         27,       3403.20,        230.04
26-09-2023,02        ,Hunsur - I                                                                                          ,         32,       3462.90,        230.03
27-09-2023,02        ,Hunsur - I                                                                                          ,         31,       3362.40,        230.05
03-10-2023,02        ,Hunsur - I                                                                                          ,        140,      14625.10,        227.73
04-10-2023,02        ,Hunsur - I                                                                                          ,        175,      18061.50,        227.49
05-10-2023,02        ,Hunsur - I                                                                                          ,         91,       9935.20,        227.73
06-10-2023,02        ,Hunsur - I                                                                                          ,        192,      18285.10,        228.85
07-10-2023,02        ,Hunsur - I                                                                                          ,        132,      12964.90,        237.93
09-10-2023,02        ,Hunsur - I                                                                                          ,        498,      49932.40,        236.19
10-10-2023,02        ,Hunsur - I                                                                                          ,        535,      53588.60,        237.08
11-10-2023,02        ,Hunsur - I                                                                                          ,        672,      67452.10,        237.61
12-10-2023,02        ,Hunsur - I                                                                                          ,        697,      70901.90,        239.11
13-10-2023,02        ,Hunsur - I                                                                                          ,        984,      99423.00,        240.66
14-10-2023,02        ,Hunsur - I                                                                                          ,        563,      57931.00,        240.38
16-10-2023,02        ,Hunsur - I                                                                                          ,        959,      99205.00,        244.85
17-10-2023,02        ,Hunsur - I                                                                                          ,        998,     104667.40,        242.66
18-10-2023,02        ,Hunsur - I                                                                                          ,        906,      92478.80,        240.58
19-10-2023,02        ,Hunsur - I                                                                                          ,        775,      81627.60,        239.86
20-10-2023,02        ,Hunsur - I                                                                                          ,        204,      21727.50,        235.37
21-10-2023,02        ,Hunsur - I                                                                                          ,        320,      32936.50,        238.84
27-10-2023,02        ,Hunsur - I                                                                                          ,        612,      61312.10,        239.47
28-10-2023,02        ,Hunsur - I                                                                                          ,        514,      53751.70,        239.24
30-10-2023,02        ,Hunsur - I                                                                                          ,        711,      74578.30,        241.22
31-10-2023,02        ,Hunsur - I                                                                                          ,        884,      95576.70,        243.85
02-11-2023,02        ,Hunsur - I                                                                                          ,       1080,     113746.30,        243.77
03-11-2023,02        ,Hunsur - I                                                                                          ,       1203,     121962.40,        242.65
04-11-2023,02        ,Hunsur - I                                                                                          ,       1048,     108091.60,        243.50
06-11-2023,02        ,Hunsur - I                                                                                          ,       1072,     111018.20,        245.81
07-11-2023,02        ,Hunsur - I                                                                                          ,       1063,     114260.20,        244.87
08-11-2023,02        ,Hunsur - I                                                                                          ,       1383,     146394.10,        245.83
09-11-2023,02        ,Hunsur - I                                                                                          ,       1075,     113355.00,        246.17
10-11-2023,02        ,Hunsur - I                                                                                          ,       1234,     125177.00,        242.17
15-11-2023,02        ,Hunsur - I                                                                                          ,       1019,     101011.20,        242.75
16-11-2023,02        ,Hunsur - I                                                                                          ,        294,      31185.00,        243.65
17-11-2023,02        ,Hunsur - I                                                                                          ,        740,      78281.50,        244.51
18-11-2023,02        ,Hunsur - I                                                                                          ,        959,      98483.40,        247.56
20-11-2023,02        ,Hunsur - I                                                                                          ,       1021,     108334.70,        247.65
21-11-2023,02        ,Hunsur - I                                                                                          ,       1265,     134246.90,        249.84
22-11-2023,02        ,Hunsur - I                                                                                          ,        932,      97311.10,        248.43
25-09-2023,03        ,Hunsur - II                                                                                         ,         27,       3251.30,        230.00
26-09-2023,03        ,Hunsur - II                                                                                         ,         43,       5119.70,        230.55
27-09-2023,03        ,Hunsur - II                                                                                         ,         13,       1263.50,        227.91
03-10-2023,03        ,Hunsur - II                                                                                         ,        192,      19988.80,        228.32
04-10-2023,03        ,Hunsur - II                                                                                         ,        153,      15347.90,        227.90
05-10-2023,03        ,Hunsur - II                                                                                         ,        197,      21247.40,        229.15
06-10-2023,03        ,Hunsur - II                                                                                         ,        255,      26383.10,        229.90
07-10-2023,03        ,Hunsur - II                                                                                         ,        153,      14639.80,        238.09
09-10-2023,03        ,Hunsur - II                                                                                         ,        738,      74445.00,        237.81
10-10-2023,03        ,Hunsur - II                                                                                         ,        503,      50850.20,        238.45
11-10-2023,03        ,Hunsur - II                                                                                         ,        724,      72757.30,        238.93
12-10-2023,03        ,Hunsur - II                                                                                         ,        874,      85703.30,        239.60
13-10-2023,03        ,Hunsur - II                                                                                         ,        837,      83261.60,        238.68
14-10-2023,03        ,Hunsur - II                                                                                         ,        143,      14590.00,        238.47
17-10-2023,03        ,Hunsur - II                                                                                         ,        611,      61128.00,        238.64
18-10-2023,03        ,Hunsur - II                                                                                         ,       1026,     107212.10,        241.11
19-10-2023,03        ,Hunsur - II                                                                                         ,        364,      39532.90,        241.29
20-10-2023,03        ,Hunsur - II                                                                                         ,        476,      47448.90,        241.10
21-10-2023,03        ,Hunsur - II                                                                                         ,        279,      28013.70,        241.77
27-10-2023,03        ,Hunsur - II                                                                                         ,        380,      39398.10,        241.94
28-10-2023,03        ,Hunsur - II                                                                                         ,        463,      47539.40,        238.84
30-10-2023,03        ,Hunsur - II                                                                                         ,        832,      84643.20,        239.66
31-10-2023,03        ,Hunsur - II                                                                                         ,        852,      89851.80,        242.52
02-11-2023,03        ,Hunsur - II                                                                                         ,       1313,     134824.80,        243.32
03-11-2023,03        ,Hunsur - II                                                                                         ,       1124,     116875.10,        243.83
04-11-2023,03        ,Hunsur - II                                                                                         ,       1368,     139232.20,        244.03
06-11-2023,03        ,Hunsur - II                                                                                         ,        970,      98819.00,        243.86
07-11-2023,03        ,Hunsur - II                                                                                         ,       1175,     125152.00,        244.51
08-11-2023,03        ,Hunsur - II                                                                                         ,       1096,     114181.00,        244.78
09-11-2023,03        ,Hunsur - II                                                                                         ,        777,      76133.90,        245.10
10-11-2023,03        ,Hunsur - II                                                                                         ,       1765,     180335.20,        244.84
15-11-2023,03        ,Hunsur - II                                                                                         ,        493,      50407.40,        243.89
16-11-2023,03        ,Hunsur - II                                                                                         ,        489,      50741.60,        242.11
17-11-2023,03        ,Hunsur - II                                                                                         ,        914,      95911.00,        245.10
18-11-2023,03        ,Hunsur - II                                                                                         ,        918,      93391.40,        246.18
20-11-2023,03        ,Hunsur - II                                                                                         ,        706,      75522.70,        247.36
21-11-2023,03        ,Hunsur - II                                                                                         ,        795,      80414.60,        246.91
22-11-2023,03        ,Hunsur - II                                                                                         ,        926,      97222.90,        248.37
23-11-2023,03        ,Hunsur - II                                                                                         ,       1070,     112839.50,        248.81
25-09-2023,04        ,Periyapatna - I                                                                                     ,         27,       3363.10,        230.04
26-09-2023,04        ,Periyapatna - I                                                                                     ,         19,       2254.70,        228.17
27-09-2023,04        ,Periyapatna - I                                                                                     ,         52,       5369.80,        228.81
03-10-2023,04        ,Periyapatna - I                                                                                     ,        283,      29360.50,        227.42
04-10-2023,04        ,Periyapatna - I                                                                                     ,        404,      42281.30,        228.69
05-10-2023,04        ,Periyapatna - I                                                                                     ,        469,      47602.90,        229.39
06-10-2023,04        ,Periyapatna - I                                                                                     ,        757,      74673.00,        230.69
07-10-2023,04        ,Periyapatna - I                                                                                     ,        430,      42313.40,        237.44
09-10-2023,04        ,Periyapatna - I                                                                                     ,       1129,     112297.30,        236.81
10-10-2023,04        ,Periyapatna - I                                                                                     ,       1093,     111268.10,        236.83
11-10-2023,04        ,Periyapatna - I                                                                                     ,        874,      89468.50,        235.56
12-10-2023,04        ,Periyapatna - I                                                                                     ,        799,      80388.10,        236.09
13-10-2023,04        ,Periyapatna - I                                                                                     ,        308,      31653.80,        236.36
14-10-2023,04        ,Periyapatna - I                                                                                     ,        479,      48835.20,        238.04
16-10-2023,04        ,Periyapatna - I                                                                                     ,        656,      64558.80,        240.73
18-10-2023,04        ,Periyapatna - I                                                                                     ,        122,      13056.50,        243.97
19-10-2023,04        ,Periyapatna - I                                                                                     ,        539,      57715.50,        237.70
20-10-2023,04        ,Periyapatna - I                                                                                     ,        456,      48720.80,        236.17
21-10-2023,04        ,Periyapatna - I                                                                                     ,        356,      35868.50,        237.87
27-10-2023,04        ,Periyapatna - I                                                                                     ,        322,      33009.50,        238.40
28-10-2023,04        ,Periyapatna - I                                                                                     ,        481,      48720.60,        233.50
30-10-2023,04        ,Periyapatna - I                                                                                     ,        627,      67245.80,        239.22
31-10-2023,04        ,Periyapatna - I                                                                                     ,        701,      73866.50,        240.03
02-11-2023,04        ,Periyapatna - I                                                                                     ,        855,      89329.40,        242.53
03-11-2023,04        ,Periyapatna - I                                                                                     ,        903,      90837.10,        241.29
04-11-2023,04        ,Periyapatna - I                                                                                     ,       1108,     118033.70,        241.58
06-11-2023,04        ,Periyapatna - I                                                                                     ,       1137,     120653.30,        245.00
07-11-2023,04        ,Periyapatna - I                                                                                     ,        533,      53823.00,        245.79
08-11-2023,04        ,Periyapatna - I                                                                                     ,        947,     101855.70,        243.65
09-11-2023,04        ,Periyapatna - I                                                                                     ,        919,      98396.10,        245.70
10-11-2023,04        ,Periyapatna - I                                                                                     ,       1029,     106804.20,        243.72
15-11-2023,04        ,Periyapatna - I                                                                                     ,        601,      65288.80,        243.45
16-11-2023,04        ,Periyapatna - I                                                                                     ,        513,      54889.80,        245.32
17-11-2023,04        ,Periyapatna - I                                                                                     ,        765,      82496.00,        246.20
18-11-2023,04        ,Periyapatna - I                                                                                     ,        846,      88509.10,        246.27
20-11-2023,04        ,Periyapatna - I                                                                                     ,        668,      72180.70,        247.07
21-11-2023,04        ,Periyapatna - I                                                                                     ,        921,      98923.60,        249.04
22-11-2023,04        ,Periyapatna - I                                                                                     ,       1096,     118191.20,        248.16
24-11-2023,04        ,Periyapatna - I                                                                                     ,        857,      91858.70,        249.94
25-09-2023,05        ,Periyapatna - II                                                                                    ,         27,       3172.70,        230.00
26-09-2023,05        ,Periyapatna - II                                                                                    ,         37,       3822.00,        227.72
27-09-2023,05        ,Periyapatna - II                                                                                    ,         41,       4294.20,        228.26
03-10-2023,05        ,Periyapatna - II                                                                                    ,        267,      27790.60,        227.85
04-10-2023,05        ,Periyapatna - II                                                                                    ,        241,      25939.50,        229.86
05-10-2023,05        ,Periyapatna - II                                                                                    ,        224,      23226.90,        230.05
06-10-2023,05        ,Periyapatna - II                                                                                    ,        521,      52012.90,        230.88
07-10-2023,05        ,Periyapatna - II                                                                                    ,        424,      42068.50,        237.42
09-10-2023,05        ,Periyapatna - II                                                                                    ,       1111,     114969.70,        236.21
10-10-2023,05        ,Periyapatna - II                                                                                    ,       1082,     115817.70,        236.23
11-10-2023,05        ,Periyapatna - II                                                                                    ,       1003,     103540.90,        233.76
12-10-2023,05        ,Periyapatna - II                                                                                    ,        911,      93165.60,        232.66
13-10-2023,05        ,Periyapatna - II                                                                                    ,        865,      91533.10,        235.96
14-10-2023,05        ,Periyapatna - II                                                                                    ,        139,      14137.40,        236.17
16-10-2023,05        ,Periyapatna - II                                                                                    ,        624,      62257.00,        234.51
17-10-2023,05        ,Periyapatna - II                                                                                    ,        632,      65215.70,        235.14
19-10-2023,05        ,Periyapatna - II                                                                                    ,        798,      84130.90,        237.56
20-10-2023,05        ,Periyapatna - II                                                                                    ,        441,      47734.70,        236.09
21-10-2023,05        ,Periyapatna - II                                                                                    ,        266,      27782.40,        233.66
27-10-2023,05        ,Periyapatna - II                                                                                    ,        276,      29736.50,        237.79
28-10-2023,05        ,Periyapatna - II                                                                                    ,        489,      51527.00,        235.64
30-10-2023,05        ,Periyapatna - II                                                                                    ,        515,      58439.70,        238.19
31-10-2023,05        ,Periyapatna - II                                                                                    ,        573,      62238.90,        238.52
02-11-2023,05        ,Periyapatna - II                                                                                    ,        844,      93072.60,        239.10
03-11-2023,05        ,Periyapatna - II                                                                                    ,        701,      79583.20,        237.91
04-11-2023,05        ,Periyapatna - II                                                                                    ,        689,      77573.80,        242.29
06-11-2023,05        ,Periyapatna - II                                                                                    ,        629,      69106.10,        243.96
07-11-2023,05        ,Periyapatna - II                                                                                    ,        617,      65747.60,        242.66
08-11-2023,05        ,Periyapatna - II                                                                                    ,        912,      99410.90,        244.16
09-11-2023,05        ,Periyapatna - II                                                                                    ,        869,      95808.40,        244.04
10-11-2023,05        ,Periyapatna - II                                                                                    ,        888,     100504.00,        242.50
15-11-2023,05        ,Periyapatna - II                                                                                    ,        700,      74575.00,        241.82
16-11-2023,05        ,Periyapatna - II                                                                                    ,        863,      90246.50,        242.03
17-11-2023,05        ,Periyapatna - II                                                                                    ,        816,      88437.40,        243.37
18-11-2023,05        ,Periyapatna - II                                                                                    ,        795,      84872.10,        243.85
20-11-2023,05        ,Periyapatna - II                                                                                    ,       1302,     141655.30,        247.23
21-11-2023,05        ,Periyapatna - II                                                                                    ,       1121,     125482.50,        247.38
22-11-2023,05        ,Periyapatna - II                                                                                    ,       1268,     138686.60,        249.35
23-11-2023,05        ,Periyapatna - II                                                                                    ,       1157,     132659.90,        249.48
25-09-2023,06        ,Periyapatna - III                                                                                   ,         27,       3303.00,        230.00
26-09-2023,06        ,Periyapatna - III                                                                                   ,         40,       4296.30,        228.67
27-09-2023,06        ,Periyapatna - III                                                                                   ,         47,       4976.00,        229.06
03-10-2023,06        ,Periyapatna - III                                                                                   ,        239,      24846.20,        225.49
04-10-2023,06        ,Periyapatna - III                                                                                   ,        257,      26324.20,        227.94
05-10-2023,06        ,Periyapatna - III                                                                                   ,        196,      19598.90,        229.45
06-10-2023,06        ,Periyapatna - III                                                                                   ,        223,      21602.40,        229.92
07-10-2023,06        ,Periyapatna - III                                                                                   ,        432,      43948.40,        235.87
09-10-2023,06        ,Periyapatna - III                                                                                   ,       1137,     111498.10,        236.01
10-10-2023,06        ,Periyapatna - III                                                                                   ,        867,      86159.30,        234.64
11-10-2023,06        ,Periyapatna - III                                                                                   ,       1008,     104934.20,        235.68
12-10-2023,06        ,Periyapatna - III                                                                                   ,        997,     100185.40,        232.02
13-10-2023,06        ,Periyapatna - III                                                                                   ,        589,      58723.30,        236.33
14-10-2023,06        ,Periyapatna - III                                                                                   ,        249,      25400.10,        236.76
17-10-2023,06        ,Periyapatna - III                                                                                   ,        692,      68892.40,        232.82
18-10-2023,06        ,Periyapatna - III                                                                                   ,        572,      57844.00,        238.14
19-10-2023,06        ,Periyapatna - III                                                                                   ,        492,      48330.90,        235.42
20-10-2023,06        ,Periyapatna - III                                                                                   ,        544,      53900.10,        235.36
21-10-2023,06        ,Periyapatna - III                                                                                   ,         91,      10039.10,        228.11
27-10-2023,06        ,Periyapatna - III                                                                                   ,        393,      41085.30,        235.33
28-10-2023,06        ,Periyapatna - III                                                                                   ,        287,      29734.90,        234.34
30-10-2023,06        ,Periyapatna - III                                                                                   ,       1139,     115344.00,        237.08
31-10-2023,06        ,Periyapatna - III                                                                                   ,       1528,     163281.40,        240.44
02-11-2023,06        ,Periyapatna - III                                                                                   ,       1185,     125078.00,        240.43
03-11-2023,06        ,Periyapatna - III                                                                                   ,        907,      94962.00,        241.47
04-11-2023,06        ,Periyapatna - III                                                                                   ,        773,      79461.90,        241.63
06-11-2023,06        ,Periyapatna - III                                                                                   ,       1268,     133363.70,        244.55
07-11-2023,06        ,Periyapatna - III                                                                                   ,        665,      69404.70,        243.90
08-11-2023,06        ,Periyapatna - III                                                                                   ,        741,      77615.20,        243.59
09-11-2023,06        ,Periyapatna - III                                                                                   ,        656,      68189.00,        242.57
10-11-2023,06        ,Periyapatna - III                                                                                   ,       1087,     113094.40,        239.17
15-11-2023,06        ,Periyapatna - III                                                                                   ,        432,      43481.10,        243.74
16-11-2023,06        ,Periyapatna - III                                                                                   ,        529,      54618.30,        243.89
17-11-2023,06        ,Periyapatna - III                                                                                   ,        844,      86645.90,        244.87
18-11-2023,06        ,Periyapatna - III                                                                                   ,       1041,     116686.50,        246.59
20-11-2023,06        ,Periyapatna - III                                                                                   ,        712,      75479.90,        246.43
21-11-2023,06        ,Periyapatna - III                                                                                   ,       1003,     102266.10,        248.77
22-11-2023,06        ,Periyapatna - III                                                                                   ,        894,      91958.80,        246.17
23-11-2023,06        ,Periyapatna - III                                                                                   ,        867,      89359.30,        248.13
25-09-2023,07        ,Ramanadhapura-I                                                                                     ,         27,       3268.00,        230.00
26-09-2023,07        ,Ramanadhapura-I                                                                                     ,         25,       3032.10,        226.94
27-09-2023,07        ,Ramanadhapura-I                                                                                     ,         70,       8048.90,        228.92
03-10-2023,07        ,Ramanadhapura-I                                                                                     ,        273,      28032.90,        227.59
04-10-2023,07        ,Ramanadhapura-I                                                                                     ,        290,      31255.40,        228.54
05-10-2023,07        ,Ramanadhapura-I                                                                                     ,        412,      43768.60,        228.50
06-10-2023,07        ,Ramanadhapura-I                                                                                     ,        417,      40687.30,        226.96
07-10-2023,07        ,Ramanadhapura-I                                                                                     ,        270,      25292.50,        234.49
09-10-2023,07        ,Ramanadhapura-I                                                                                     ,        767,      76232.60,        236.01
10-10-2023,07        ,Ramanadhapura-I                                                                                     ,       1067,     109500.30,        236.34
11-10-2023,07        ,Ramanadhapura-I                                                                                     ,        776,      77325.20,        236.83
12-10-2023,07        ,Ramanadhapura-I                                                                                     ,        463,      44950.70,        234.39
13-10-2023,07        ,Ramanadhapura-I                                                                                     ,        727,      68771.20,        237.05
14-10-2023,07        ,Ramanadhapura-I                                                                                     ,        852,      87353.20,        238.38
16-10-2023,07        ,Ramanadhapura-I                                                                                     ,        386,      41899.80,        240.43
17-10-2023,07        ,Ramanadhapura-I                                                                                     ,        255,      26974.40,        240.69
18-10-2023,07        ,Ramanadhapura-I                                                                                     ,        489,      52215.40,        237.83
19-10-2023,07        ,Ramanadhapura-I                                                                                     ,        757,      74606.60,        240.10
20-10-2023,07        ,Ramanadhapura-I                                                                                     ,        793,      81884.60,        239.65
21-10-2023,07        ,Ramanadhapura-I                                                                                     ,        225,      24010.50,        240.35
27-10-2023,07        ,Ramanadhapura-I                                                                                     ,        158,      15854.40,        239.05
28-10-2023,07        ,Ramanadhapura-I                                                                                     ,        508,      50083.20,        237.45
30-10-2023,07        ,Ramanadhapura-I                                                                                     ,        580,      58728.50,        235.68
31-10-2023,07        ,Ramanadhapura-I                                                                                     ,        550,      56173.80,        242.82
02-11-2023,07        ,Ramanadhapura-I                                                                                     ,        702,      69020.10,        241.91
03-11-2023,07        ,Ramanadhapura-I                                                                                     ,       1079,     107605.90,        241.33
04-11-2023,07        ,Ramanadhapura-I                                                                                     ,       1475,     148329.60,        245.64
06-11-2023,07        ,Ramanadhapura-I                                                                                     ,       1168,     127005.50,        246.03
07-11-2023,07        ,Ramanadhapura-I                                                                                     ,       1075,     109339.30,        244.62
08-11-2023,07        ,Ramanadhapura-I                                                                                     ,       1084,     113138.50,        243.97
09-11-2023,07        ,Ramanadhapura-I                                                                                     ,       1198,     129315.30,        245.21
10-11-2023,07        ,Ramanadhapura-I                                                                                     ,       1028,     104788.70,        245.00
15-11-2023,07        ,Ramanadhapura-I                                                                                     ,        537,      53672.80,        243.16
16-11-2023,07        ,Ramanadhapura-I                                                                                     ,        796,      86607.40,        246.01
17-11-2023,07        ,Ramanadhapura-I                                                                                     ,        764,      77521.10,        246.23
18-11-2023,07        ,Ramanadhapura-I                                                                                     ,        655,      66621.80,        245.03
20-11-2023,07        ,Ramanadhapura-I                                                                                     ,       1072,     108643.20,        244.82
21-11-2023,07        ,Ramanadhapura-I                                                                                     ,        919,      93574.80,        245.01
22-11-2023,07        ,Ramanadhapura-I                                                                                     ,        847,      86478.80,        249.53
23-11-2023,07        ,Ramanadhapura-I                                                                                     ,        822,      82084.10,        247.71
24-11-2023,07        ,Ramanadhapura-I                                                                                     ,       1084,     110964.00,        247.85
25-09-2023,62        ,Chilkunda                                                                                           ,         27,       3303.80,        230.00
26-09-2023,62        ,Chilkunda                                                                                           ,         31,       3620.30,        230.28
27-09-2023,62        ,Chilkunda                                                                                           ,         54,       4920.70,        228.82
03-10-2023,62        ,Chilkunda                                                                                           ,        317,      33396.90,        228.40
04-10-2023,62        ,Chilkunda                                                                                           ,        331,      33970.40,        229.39
05-10-2023,62        ,Chilkunda                                                                                           ,        224,      22906.40,        229.12
06-10-2023,62        ,Chilkunda                                                                                           ,        258,      24843.80,        228.11
07-10-2023,62        ,Chilkunda                                                                                           ,        394,      37693.90,        237.15
09-10-2023,62        ,Chilkunda                                                                                           ,        650,      65185.80,        237.50
10-10-2023,62        ,Chilkunda                                                                                           ,        875,      90165.90,        238.47
11-10-2023,62        ,Chilkunda                                                                                           ,       1086,     108987.00,        238.67
12-10-2023,62        ,Chilkunda                                                                                           ,        940,      94418.70,        238.38
13-10-2023,62        ,Chilkunda                                                                                           ,       1394,     143606.50,        238.31
14-10-2023,62        ,Chilkunda                                                                                           ,        478,      49086.80,        240.37
16-10-2023,62        ,Chilkunda                                                                                           ,       1349,     135553.60,        238.59
17-10-2023,62        ,Chilkunda                                                                                           ,       1087,     108519.30,        240.27
18-10-2023,62        ,Chilkunda                                                                                           ,        931,      95495.20,        239.29
19-10-2023,62        ,Chilkunda                                                                                           ,        956,      99500.10,        240.85
20-10-2023,62        ,Chilkunda                                                                                           ,        685,      70375.80,        240.09
21-10-2023,62        ,Chilkunda                                                                                           ,        387,      39706.80,        239.83
27-10-2023,62        ,Chilkunda                                                                                           ,        637,      68454.00,        240.47
28-10-2023,62        ,Chilkunda                                                                                           ,       1094,     111422.50,        238.29
30-10-2023,62        ,Chilkunda                                                                                           ,       1410,     144048.20,        240.81
31-10-2023,62        ,Chilkunda                                                                                           ,       1150,     122061.30,        243.23
02-11-2023,62        ,Chilkunda                                                                                           ,       1416,     150019.40,        243.09
03-11-2023,62        ,Chilkunda                                                                                           ,       1512,     159154.50,        242.98
04-11-2023,62        ,Chilkunda                                                                                           ,        656,      70128.70,        244.85
06-11-2023,62        ,Chilkunda                                                                                           ,       1377,     146365.10,        244.16
07-11-2023,62        ,Chilkunda                                                                                           ,       1034,     107507.80,        246.55
08-11-2023,62        ,Chilkunda                                                                                           ,       1076,     118960.00,        246.28
09-11-2023,62        ,Chilkunda                                                                                           ,       1512,     159156.20,        246.14
10-11-2023,62        ,Chilkunda                                                                                           ,       1567,     161217.00,        244.21
15-11-2023,62        ,Chilkunda                                                                                           ,        953,      99211.90,        243.33
16-11-2023,62        ,Chilkunda                                                                                           ,        758,      76532.80,        244.72
17-11-2023,62        ,Chilkunda                                                                                           ,        860,      87617.80,        245.22
18-11-2023,62        ,Chilkunda                                                                                           ,       1214,     129001.00,        246.43
20-11-2023,62        ,Chilkunda                                                                                           ,       1233,     129113.00,        245.55
21-11-2023,62        ,Chilkunda                                                                                           ,       1623,     167345.00,        245.31
22-11-2023,62        ,Chilkunda                                                                                           ,       1591,     168472.50,        246.12
23-11-2023,62        ,Chilkunda                                                                                           ,       1074,     114605.10,        248.48
24-11-2023,62        ,Chilkunda                                                                                           ,       1703,     181243.20,        247.63
25-09-2023,63        ,Ramanadhapura-II                                                                                    ,         27,       3203.90,        230.00
26-09-2023,63        ,Ramanadhapura-II                                                                                    ,         10,       1134.90,        227.27
27-09-2023,63        ,Ramanadhapura-II                                                                                    ,         22,       2324.10,        229.20
03-10-2023,63        ,Ramanadhapura-II                                                                                    ,         81,       8386.60,        226.95
04-10-2023,63        ,Ramanadhapura-II                                                                                    ,        165,      16359.70,        226.33
05-10-2023,63        ,Ramanadhapura-II                                                                                    ,        198,      20327.70,        227.28
06-10-2023,63        ,Ramanadhapura-II                                                                                    ,        305,      30690.60,        227.96
07-10-2023,63        ,Ramanadhapura-II                                                                                    ,        217,      20670.00,        235.58
09-10-2023,63        ,Ramanadhapura-II                                                                                    ,        413,      39052.80,        234.11
10-10-2023,63        ,Ramanadhapura-II                                                                                    ,        584,      56000.60,        235.08
11-10-2023,63        ,Ramanadhapura-II                                                                                    ,        485,      47236.30,        233.29
12-10-2023,63        ,Ramanadhapura-II                                                                                    ,       1043,     102853.60,        236.14
13-10-2023,63        ,Ramanadhapura-II                                                                                    ,       1207,     125337.00,        235.96
14-10-2023,63        ,Ramanadhapura-II                                                                                    ,        750,      73169.90,        236.42
17-10-2023,63        ,Ramanadhapura-II                                                                                    ,        680,      59912.00,        232.71
18-10-2023,63        ,Ramanadhapura-II                                                                                    ,        740,      73290.10,        235.72
19-10-2023,63        ,Ramanadhapura-II                                                                                    ,        521,      52264.50,        236.61
20-10-2023,63        ,Ramanadhapura-II                                                                                    ,        996,      98696.70,        237.95
21-10-2023,63        ,Ramanadhapura-II                                                                                    ,        273,      26469.10,        236.34
27-10-2023,63        ,Ramanadhapura-II                                                                                    ,        418,      41094.00,        236.37
28-10-2023,63        ,Ramanadhapura-II                                                                                    ,        484,      49479.00,        236.24
30-10-2023,63        ,Ramanadhapura-II                                                                                    ,       1113,     116199.10,        238.90
31-10-2023,63        ,Ramanadhapura-II                                                                                    ,       1320,     128426.30,        240.74
02-11-2023,63        ,Ramanadhapura-II                                                                                    ,        930,      89118.30,        239.61
03-11-2023,63        ,Ramanadhapura-II                                                                                    ,        886,      89661.30,        240.60
04-11-2023,63        ,Ramanadhapura-II                                                                                    ,        627,      61171.60,        239.92
06-11-2023,63        ,Ramanadhapura-II                                                                                    ,       1189,     121078.50,        243.69
07-11-2023,63        ,Ramanadhapura-II                                                                                    ,       1005,     104261.70,        244.15
08-11-2023,63        ,Ramanadhapura-II                                                                                    ,        586,      61429.30,        242.21
09-11-2023,63        ,Ramanadhapura-II                                                                                    ,        952,      96800.80,        244.48
10-11-2023,63        ,Ramanadhapura-II                                                                                    ,       1129,     125085.60,        245.28
15-11-2023,63        ,Ramanadhapura-II                                                                                    ,        442,      45754.60,        241.60
16-11-2023,63        ,Ramanadhapura-II                                                                                    ,        766,      73996.80,        242.38
17-11-2023,63        ,Ramanadhapura-II                                                                                    ,        936,      92878.20,        246.34
18-11-2023,63        ,Ramanadhapura-II                                                                                    ,        898,      88267.80,        242.72
20-11-2023,63        ,Ramanadhapura-II                                                                                    ,        868,      87616.60,        241.34
21-11-2023,63        ,Ramanadhapura-II                                                                                    ,        959,      93434.20,        244.46
22-11-2023,63        ,Ramanadhapura-II                                                                                    ,       1104,     113394.20,        246.53
23-11-2023,63        ,Ramanadhapura-II                                                                                    ,       1031,     106608.90,        249.30
24-11-2023,63        ,Ramanadhapura-II                                                                                    ,        536,      55732.90,        245.13
25-09-2023,64        ,Hunsur-III                                                                                          ,         27,       3431.30,        230.00
26-09-2023,64        ,Hunsur-III                                                                                          ,         50,       5569.20,        228.15
27-09-2023,64        ,Hunsur-III                                                                                          ,         25,       2733.70,        223.94
03-10-2023,64        ,Hunsur-III                                                                                          ,        226,      24132.60,        227.47
04-10-2023,64        ,Hunsur-III                                                                                          ,        300,      30206.90,        227.77
05-10-2023,64        ,Hunsur-III                                                                                          ,        300,      31220.20,        228.73
06-10-2023,64        ,Hunsur-III                                                                                          ,        348,      33844.50,        229.72
07-10-2023,64        ,Hunsur-III                                                                                          ,        200,      19898.80,        240.92
09-10-2023,64        ,Hunsur-III                                                                                          ,        668,      64956.50,        239.99
10-10-2023,64        ,Hunsur-III                                                                                          ,        658,      65059.30,        239.24
11-10-2023,64        ,Hunsur-III                                                                                          ,        508,      51450.60,        238.95
12-10-2023,64        ,Hunsur-III                                                                                          ,        894,      89007.30,        239.07
13-10-2023,64        ,Hunsur-III                                                                                          ,        663,      67690.50,        240.97
14-10-2023,64        ,Hunsur-III                                                                                          ,        214,      21206.00,        240.62
17-10-2023,64        ,Hunsur-III                                                                                          ,        902,      92629.50,        242.13
18-10-2023,64        ,Hunsur-III                                                                                          ,        331,      34264.40,        242.00
19-10-2023,64        ,Hunsur-III                                                                                          ,        592,      62062.90,        242.67
20-10-2023,64        ,Hunsur-III                                                                                          ,        432,      43954.30,        241.34
21-10-2023,64        ,Hunsur-III                                                                                          ,        457,      46490.30,        243.08
27-10-2023,64        ,Hunsur-III                                                                                          ,        330,      34802.80,        240.34
28-10-2023,64        ,Hunsur-III                                                                                          ,        677,      68565.00,        240.70
30-10-2023,64        ,Hunsur-III                                                                                          ,        387,      40738.20,        241.85
31-10-2023,64        ,Hunsur-III                                                                                          ,        529,      55515.50,        244.90
02-11-2023,64        ,Hunsur-III                                                                                          ,        610,      61015.00,        243.96
03-11-2023,64        ,Hunsur-III                                                                                          ,        850,      87144.70,        245.84
04-11-2023,64        ,Hunsur-III                                                                                          ,        914,      96557.80,        245.21
06-11-2023,64        ,Hunsur-III                                                                                          ,       1179,     119640.80,        246.94
07-11-2023,64        ,Hunsur-III                                                                                          ,       1194,     125737.70,        246.42
08-11-2023,64        ,Hunsur-III                                                                                          ,       1075,     108512.40,        246.52
09-11-2023,64        ,Hunsur-III                                                                                          ,        692,      71621.90,        246.48
10-11-2023,64        ,Hunsur-III                                                                                          ,        505,      49745.40,        245.65
15-11-2023,64        ,Hunsur-III                                                                                          ,        416,      43605.10,        246.32
16-11-2023,64        ,Hunsur-III                                                                                          ,        655,      65954.80,        245.84
17-11-2023,64        ,Hunsur-III                                                                                          ,        613,      62866.50,        244.37
18-11-2023,64        ,Hunsur-III                                                                                          ,        973,      99857.70,        246.99
20-11-2023,64        ,Hunsur-III                                                                                          ,        986,      99343.80,        247.04
21-11-2023,64        ,Hunsur-III                                                                                          ,       1064,     109372.60,        246.37
22-11-2023,64        ,Hunsur-III                                                                                          ,        409,      40391.50,        249.72
23-11-2023,64        ,Hunsur-III                                                                                          ,        381,      39687.80,        248.55
,,,,,
